fpl_name,fd_name,clubelo_name
Arsenal,Arsenal,Arsenal
Aston Villa,Aston Villa,Aston Villa
Bournemouth,Bournemouth,Bournemouth
Brentford,Brentford,Brentford
Brighton,Brighton,Brighton
Burnley,Burnley,Burnley
Cardiff,Cardiff,Cardiff
Chelsea,Chelsea,Chelsea
Coventry City,Coventry,Coventry
Crystal Palace,Crystal Palace,Crystal Palace
Everton,Everton,Everton
Fulham,Fulham,Fulham
Huddersfield,Huddersfield,Huddersfield
Hull,Hull,Hull
Hull City,Hull,Hull
Ipswich,Ipswich,Ipswich
Ipswich Town,Ipswich,Ipswich
Leeds,Leeds,Leeds
Leicester,Leicester,Leicester
Liverpool,Liverpool,Liverpool
Luton,Luton,Luton
Man City,Man City,Man City
Man Utd,Man United,Man United
Middlesbrough,Middlesbrough,Middlesbrough
Newcastle,Newcastle,Newcastle
Norwich,Norwich,Norwich
Nott'm Forest,Nott'm Forest,Nott'm Forest
Sheffield Utd,Sheffield United,Sheffield United
Southampton,Southampton,Southampton
Spurs,Tottenham,Tottenham
Stoke,Stoke,Stoke
Sunderland,Sunderland,Sunderland
Swansea,Swansea,Swansea
Watford,Watford,Watford
West Brom,West Brom,West Brom
West Ham,West Ham,West Ham
Wolves,Wolves,Wolves
